model,country,si,date,out
RtI0_Std_results_week_end_2020-03-08,China,si_1,2020-03-09,3.111218292682927
RtI0_Std_results_week_end_2020-03-08,China,si_1,2020-03-10,0.39159203539823007
RtI0_Std_results_week_end_2020-03-08,China,si_1,2020-03-11,4.471002
RtI0_Std_results_week_end_2020-03-08,China,si_1,2020-03-12,0.8789844262295082
RtI0_Std_results_week_end_2020-03-08,China,si_1,2020-03-13,0.13136969072164947
RtI0_Std_results_week_end_2020-03-08,China,si_1,2020-03-14,0.15979344827586206
RtI0_Std_results_week_end_2020-03-08,China,si_1,2020-03-15,0.19407283018867924
RtI0_Std_results_week_end_2020-03-08,China,si_2,2020-03-09,4.093282926829268
RtI0_Std_results_week_end_2020-03-08,China,si_2,2020-03-10,0.5862535398230089
RtI0_Std_results_week_end_2020-03-08,China,si_2,2020-03-11,6.303242
RtI0_Std_results_week_end_2020-03-08,China,si_2,2020-03-12,1.366639344262295
RtI0_Std_results_week_end_2020-03-08,China,si_2,2020-03-13,0.061270721649484536
RtI0_Std_results_week_end_2020-03-08,China,si_2,2020-03-14,0.13876413793103448
RtI0_Std_results_week_end_2020-03-08,China,si_2,2020-03-15,0.07849943396226415
RtI0_Std_results_week_end_2020-03-08,Iran,si_1,2020-03-09,0.6187434112646121
RtI0_Std_results_week_end_2020-03-08,Iran,si_1,2020-03-10,0.5361095626902851
RtI0_Std_results_week_end_2020-03-08,Iran,si_1,2020-03-11,0.4449200319943121
RtI0_Std_results_week_end_2020-03-08,Iran,si_1,2020-03-12,0.324783476070529
RtI0_Std_results_week_end_2020-03-08,Iran,si_1,2020-03-13,0.22004974288652726
RtI0_Std_results_week_end_2020-03-08,Iran,si_1,2020-03-14,0.13859886486486486
RtI0_Std_results_week_end_2020-03-08,Iran,si_1,2020-03-15,0.15185137385512074
RtI0_Std_results_week_end_2020-03-08,Iran,si_2,2020-03-09,0.6680466737513284
RtI0_Std_results_week_end_2020-03-08,Iran,si_2,2020-03-10,0.6085187517298644
RtI0_Std_results_week_end_2020-03-08,Iran,si_2,2020-03-11,0.542308869534305
RtI0_Std_results_week_end_2020-03-08,Iran,si_2,2020-03-12,0.44924584382871535
RtI0_Std_results_week_end_2020-03-08,Iran,si_2,2020-03-13,0.3566002056907782
RtI0_Std_results_week_end_2020-03-08,Iran,si_2,2020-03-14,0.23860945945945947
RtI0_Std_results_week_end_2020-03-08,Iran,si_2,2020-03-15,0.27126186511240635
RtI0_Std_results_week_end_2020-03-08,Italy,si_1,2020-03-09,0.3684510123621784
RtI0_Std_results_week_end_2020-03-08,Italy,si_1,2020-03-10,0.4353793638296197
RtI0_Std_results_week_end_2020-03-08,Italy,si_1,2020-03-11,0.20676792732769722
RtI0_Std_results_week_end_2020-03-08,Italy,si_1,2020-03-12,0.1429946039513757
RtI0_Std_results_week_end_2020-03-08,Italy,si_1,2020-03-13,0.1444265363929724
RtI0_Std_results_week_end_2020-03-08,Italy,si_1,2020-03-14,2.311496887038001
RtI0_Std_results_week_end_2020-03-08,Italy,si_1,2020-03-15,1.9425084567552289
RtI0_Std_results_week_end_2020-03-08,Italy,si_2,2020-03-09,0.39100145005011694
RtI0_Std_results_week_end_2020-03-08,Italy,si_2,2020-03-10,0.4654918179670892
RtI0_Std_results_week_end_2020-03-08,Italy,si_2,2020-03-11,0.24023128044342423
RtI0_Std_results_week_end_2020-03-08,Italy,si_2,2020-03-12,0.16523290210063254
RtI0_Std_results_week_end_2020-03-08,Italy,si_2,2020-03-13,0.06927814628899247
RtI0_Std_results_week_end_2020-03-08,Italy,si_2,2020-03-14,1.1128008745445082
RtI0_Std_results_week_end_2020-03-08,Italy,si_2,2020-03-15,0.8115158846806105
RtI0_Std_results_week_end_2020-03-08,South_Korea,si_1,2020-03-09,1.14102
RtI0_Std_results_week_end_2020-03-08,South_Korea,si_1,2020-03-10,0.4547346153846154
RtI0_Std_results_week_end_2020-03-08,South_Korea,si_1,2020-03-11,12.3055
RtI0_Std_results_week_end_2020-03-08,South_Korea,si_1,2020-03-12,0.4981432432432432
RtI0_Std_results_week_end_2020-03-08,South_Korea,si_1,2020-03-13,0.5689432432432432
RtI0_Std_results_week_end_2020-03-08,South_Korea,si_1,2020-03-14,2.47027
RtI0_Std_results_week_end_2020-03-08,South_Korea,si_1,2020-03-15,20.3013
RtI0_Std_results_week_end_2020-03-08,South_Korea,si_2,2020-03-09,1.59079
RtI0_Std_results_week_end_2020-03-08,South_Korea,si_2,2020-03-10,0.4415
RtI0_Std_results_week_end_2020-03-08,South_Korea,si_2,2020-03-11,19.39595
RtI0_Std_results_week_end_2020-03-08,South_Korea,si_2,2020-03-12,0.4084
RtI0_Std_results_week_end_2020-03-08,South_Korea,si_2,2020-03-13,0.5061756756756757
RtI0_Std_results_week_end_2020-03-08,South_Korea,si_2,2020-03-14,3.85947
RtI0_Std_results_week_end_2020-03-08,South_Korea,si_2,2020-03-15,34.2892
RtI0_Std_results_week_end_2020-03-15,China,si_1,2020-03-16,0.21881891891891891
RtI0_Std_results_week_end_2020-03-15,China,si_1,2020-03-17,0.17834
RtI0_Std_results_week_end_2020-03-15,China,si_1,2020-03-18,0.32781764705882355
RtI0_Std_results_week_end_2020-03-15,China,si_1,2020-03-19,0.34776153846153846
RtI0_Std_results_week_end_2020-03-15,China,si_1,2020-03-20,0.6592715953307393
RtI0_Std_results_week_end_2020-03-15,China,si_1,2020-03-21,0.5393414634146342
RtI0_Std_results_week_end_2020-03-15,China,si_1,2020-03-22,0.7253060913705583
RtI0_Std_results_week_end_2020-03-15,China,si_2,2020-03-16,0.5855621621621622
RtI0_Std_results_week_end_2020-03-15,China,si_2,2020-03-17,0.242932
RtI0_Std_results_week_end_2020-03-15,China,si_2,2020-03-18,1.1907529411764706
RtI0_Std_results_week_end_2020-03-15,China,si_2,2020-03-19,0.1784646153846154
RtI0_Std_results_week_end_2020-03-15,China,si_2,2020-03-20,0.4391894941634241
RtI0_Std_results_week_end_2020-03-15,China,si_2,2020-03-21,0.27615487804878047
RtI0_Std_results_week_end_2020-03-15,China,si_2,2020-03-22,0.48260406091370556
RtI0_Std_results_week_end_2020-03-15,France,si_1,2020-03-16,0.7430751853328019
RtI0_Std_results_week_end_2020-03-15,France,si_1,2020-03-17,0.6152279375513557
RtI0_Std_results_week_end_2020-03-15,France,si_1,2020-03-18,0.7297374977113213
RtI0_Std_results_week_end_2020-03-15,France,si_1,2020-03-19,0.5092295254094918
RtI0_Std_results_week_end_2020-03-15,France,si_1,2020-03-20,0.22200945205479453
RtI0_Std_results_week_end_2020-03-15,France,si_1,2020-03-21,0.5143205882352941
RtI0_Std_results_week_end_2020-03-15,France,si_1,2020-03-22,0.273158134155744
RtI0_Std_results_week_end_2020-03-15,France,si_2,2020-03-16,0.7655784376245516
RtI0_Std_results_week_end_2020-03-15,France,si_2,2020-03-17,0.6574069022185702
RtI0_Std_results_week_end_2020-03-15,France,si_2,2020-03-18,0.7681770643881599
RtI0_Std_results_week_end_2020-03-15,France,si_2,2020-03-19,0.5793301973960521
RtI0_Std_results_week_end_2020-03-15,France,si_2,2020-03-20,0.27188438356164385
RtI0_Std_results_week_end_2020-03-15,France,si_2,2020-03-21,0.40653235294117646
RtI0_Std_results_week_end_2020-03-15,France,si_2,2020-03-22,0.35701048573631455
RtI0_Std_results_week_end_2020-03-15,Iran,si_1,2020-03-16,0.02482384666226041
RtI0_Std_results_week_end_2020-03-15,Iran,si_1,2020-03-17,0.02782773623997838
RtI0_Std_results_week_end_2020-03-15,Iran,si_1,2020-03-18,0.0409950950364832
RtI0_Std_results_week_end_2020-03-15,Iran,si_1,2020-03-19,0.13241440536788524
RtI0_Std_results_week_end_2020-03-15,Iran,si_1,2020-03-20,0.4980626193350159
RtI0_Std_results_week_end_2020-03-15,Iran,si_1,2020-03-21,1.1559841966109843
RtI0_Std_results_week_end_2020-03-15,Iran,si_1,2020-03-22,3.1008675959279564
RtI0_Std_results_week_end_2020-03-15,Iran,si_2,2020-03-16,0.027153198942498347
RtI0_Std_results_week_end_2020-03-15,Iran,si_2,2020-03-17,0.03693546527339879
RtI0_Std_results_week_end_2020-03-15,Iran,si_2,2020-03-18,0.02046070624268084
RtI0_Std_results_week_end_2020-03-15,Iran,si_2,2020-03-19,0.04668571031929662
RtI0_Std_results_week_end_2020-03-15,Iran,si_2,2020-03-20,0.22176501152200154
RtI0_Std_results_week_end_2020-03-15,Iran,si_2,2020-03-21,0.571846472779714
RtI0_Std_results_week_end_2020-03-15,Iran,si_2,2020-03-22,1.666671738449491
RtI0_Std_results_week_end_2020-03-15,Italy,si_1,2020-03-16,0.44015330935752645
RtI0_Std_results_week_end_2020-03-15,Italy,si_1,2020-03-17,0.2727817270227788
RtI0_Std_results_week_end_2020-03-15,Italy,si_1,2020-03-18,0.057522785016463636
RtI0_Std_results_week_end_2020-03-15,Italy,si_1,2020-03-19,0.05440763509587449
RtI0_Std_results_week_end_2020-03-15,Italy,si_1,2020-03-20,0.08738473963956482
RtI0_Std_results_week_end_2020-03-15,Italy,si_1,2020-03-21,0.1940840993272984
RtI0_Std_results_week_end_2020-03-15,Italy,si_1,2020-03-22,0.2689469850475891
RtI0_Std_results_week_end_2020-03-15,Italy,si_2,2020-03-16,0.47242744697211825
RtI0_Std_results_week_end_2020-03-15,Italy,si_2,2020-03-17,0.3178616044502926
RtI0_Std_results_week_end_2020-03-15,Italy,si_2,2020-03-18,0.09414995164147315
RtI0_Std_results_week_end_2020-03-15,Italy,si_2,2020-03-19,0.09638002815894157
RtI0_Std_results_week_end_2020-03-15,Italy,si_2,2020-03-20,0.013762043850178556
RtI0_Std_results_week_end_2020-03-15,Italy,si_2,2020-03-21,0.037210614566896436
RtI0_Std_results_week_end_2020-03-15,Italy,si_2,2020-03-22,0.051197018283285003
RtI0_Std_results_week_end_2020-03-15,South_Korea,si_1,2020-03-16,20.2437
RtI0_Std_results_week_end_2020-03-15,South_Korea,si_1,2020-03-17,4.05614
RtI0_Std_results_week_end_2020-03-15,South_Korea,si_1,2020-03-18,0.6654
RtI0_Std_results_week_end_2020-03-15,South_Korea,si_1,2020-03-19,3.292176923076923
RtI0_Std_results_week_end_2020-03-15,South_Korea,si_1,2020-03-20,5.250584615384615
RtI0_Std_results_week_end_2020-03-15,South_Korea,si_1,2020-03-21,5.7619675675675674
RtI0_Std_results_week_end_2020-03-15,South_Korea,si_1,2020-03-22,457.9322
RtI0_Std_results_week_end_2020-03-15,South_Korea,si_2,2020-03-16,9.94405
RtI0_Std_results_week_end_2020-03-15,South_Korea,si_2,2020-03-17,1.19219
RtI0_Std_results_week_end_2020-03-15,South_Korea,si_2,2020-03-18,0.3111451219512195
RtI0_Std_results_week_end_2020-03-15,South_Korea,si_2,2020-03-19,0.4512
RtI0_Std_results_week_end_2020-03-15,South_Korea,si_2,2020-03-20,0.5552538461538462
RtI0_Std_results_week_end_2020-03-15,South_Korea,si_2,2020-03-21,0.44108378378378377
RtI0_Std_results_week_end_2020-03-15,South_Korea,si_2,2020-03-22,60.2326
RtI0_Std_results_week_end_2020-03-15,Spain,si_1,2020-03-16,0.7249474189584385
RtI0_Std_results_week_end_2020-03-15,Spain,si_1,2020-03-17,0.5506031814724949
RtI0_Std_results_week_end_2020-03-15,Spain,si_1,2020-03-18,0.3119735242630068
RtI0_Std_results_week_end_2020-03-15,Spain,si_1,2020-03-19,0.1278287772925764
RtI0_Std_results_week_end_2020-03-15,Spain,si_1,2020-03-20,0.1638344120754717
RtI0_Std_results_week_end_2020-03-15,Spain,si_1,2020-03-21,56.83770339366516
RtI0_Std_results_week_end_2020-03-15,Spain,si_1,2020-03-22,0.5105977061242155
RtI0_Std_results_week_end_2020-03-15,Spain,si_2,2020-03-16,0.7449406165159987
RtI0_Std_results_week_end_2020-03-15,Spain,si_2,2020-03-17,0.5867194238221127
RtI0_Std_results_week_end_2020-03-15,Spain,si_2,2020-03-18,0.36274294167075133
RtI0_Std_results_week_end_2020-03-15,Spain,si_2,2020-03-19,0.09615665502183406
RtI0_Std_results_week_end_2020-03-15,Spain,si_2,2020-03-20,0.2001887033962264
RtI0_Std_results_week_end_2020-03-15,Spain,si_2,2020-03-21,33.71418665158371
RtI0_Std_results_week_end_2020-03-15,Spain,si_2,2020-03-22,0.15991615667604414
RtI0_Std_results_week_end_2020-03-15,United_States_of_America,si_1,2020-03-16,0.739115731916888
RtI0_Std_results_week_end_2020-03-15,United_States_of_America,si_1,2020-03-17,0.7639842574993803
RtI0_Std_results_week_end_2020-03-15,United_States_of_America,si_1,2020-03-18,490.653
RtI0_Std_results_week_end_2020-03-15,United_States_of_America,si_1,2020-03-19,0.3896718413597734
RtI0_Std_results_week_end_2020-03-15,United_States_of_America,si_1,2020-03-20,1.0578667924528302
RtI0_Std_results_week_end_2020-03-15,United_States_of_America,si_1,2020-03-21,5.118984046692607
RtI0_Std_results_week_end_2020-03-15,United_States_of_America,si_1,2020-03-22,19.028213103448277
RtI0_Std_results_week_end_2020-03-15,United_States_of_America,si_2,2020-03-16,0.6974728167473833
RtI0_Std_results_week_end_2020-03-15,United_States_of_America,si_2,2020-03-17,0.7135337988595983
RtI0_Std_results_week_end_2020-03-15,United_States_of_America,si_2,2020-03-18,738.3894
RtI0_Std_results_week_end_2020-03-15,United_States_of_America,si_2,2020-03-19,0.30137524079320116
RtI0_Std_results_week_end_2020-03-15,United_States_of_America,si_2,2020-03-20,1.9622018867924529
RtI0_Std_results_week_end_2020-03-15,United_States_of_America,si_2,2020-03-21,10.878989883268483
RtI0_Std_results_week_end_2020-03-15,United_States_of_America,si_2,2020-03-22,42.26992689655172
RtI0_Std_results_week_end_2020-03-22,China,si_1,2020-03-23,0.7605807692307692
RtI0_Std_results_week_end_2020-03-22,China,si_1,2020-03-24,3.1207
RtI0_Std_results_week_end_2020-03-22,China,si_1,2020-03-25,0.6072153846153846
RtI0_Std_results_week_end_2020-03-22,China,si_1,2020-03-26,0.3445837837837838
RtI0_Std_results_week_end_2020-03-22,China,si_1,2020-03-27,1.0475588235294118
RtI0_Std_results_week_end_2020-03-22,China,si_1,2020-03-28,0.255612
RtI0_Std_results_week_end_2020-03-22,China,si_1,2020-03-29,0.2725560975609756
RtI0_Std_results_week_end_2020-03-22,China,si_2,2020-03-23,0.2722807692307692
RtI0_Std_results_week_end_2020-03-22,China,si_2,2020-03-24,0.92084
RtI0_Std_results_week_end_2020-03-22,China,si_2,2020-03-25,0.23684615384615385
RtI0_Std_results_week_end_2020-03-22,China,si_2,2020-03-26,0.2737972972972973
RtI0_Std_results_week_end_2020-03-22,China,si_2,2020-03-27,0.3028058823529412
RtI0_Std_results_week_end_2020-03-22,China,si_2,2020-03-28,0.407698
RtI0_Std_results_week_end_2020-03-22,China,si_2,2020-03-29,0.5420463414634147
RtI0_Std_results_week_end_2020-03-22,France,si_1,2020-03-23,0.25327175271712427
RtI0_Std_results_week_end_2020-03-22,France,si_1,2020-03-24,0.1113795944162323
RtI0_Std_results_week_end_2020-03-22,France,si_1,2020-03-25,0.09278275411706424
RtI0_Std_results_week_end_2020-03-22,France,si_1,2020-03-26,0.3084154435740789
RtI0_Std_results_week_end_2020-03-22,France,si_1,2020-03-27,0.8168915539660769
RtI0_Std_results_week_end_2020-03-22,France,si_1,2020-03-28,4.508337957048299
RtI0_Std_results_week_end_2020-03-22,France,si_1,2020-03-29,31.823585603826224
RtI0_Std_results_week_end_2020-03-22,France,si_2,2020-03-23,0.22178836697391954
RtI0_Std_results_week_end_2020-03-22,France,si_2,2020-03-24,0.07976042258562448
RtI0_Std_results_week_end_2020-03-22,France,si_2,2020-03-25,0.06012975019891012
RtI0_Std_results_week_end_2020-03-22,France,si_2,2020-03-26,0.43835040290843674
RtI0_Std_results_week_end_2020-03-22,France,si_2,2020-03-27,1.1330137879550701
RtI0_Std_results_week_end_2020-03-22,France,si_2,2020-03-28,5.932392843310113
RtI0_Std_results_week_end_2020-03-22,France,si_2,2020-03-29,40.83763256277401
RtI0_Std_results_week_end_2020-03-22,Germany,si_1,2020-03-23,0.2604123260922626
RtI0_Std_results_week_end_2020-03-22,Germany,si_1,2020-03-24,0.25040659594985537
RtI0_Std_results_week_end_2020-03-22,Germany,si_1,2020-03-25,1.3646347323198942
RtI0_Std_results_week_end_2020-03-22,Germany,si_1,2020-03-26,6.136650041631973
RtI0_Std_results_week_end_2020-03-22,Germany,si_1,2020-03-27,97.03049301886793
RtI0_Std_results_week_end_2020-03-22,Germany,si_1,2020-03-28,120.98265834146342
RtI0_Std_results_week_end_2020-03-22,Germany,si_1,2020-03-29,433.285178630137
RtI0_Std_results_week_end_2020-03-22,Germany,si_2,2020-03-23,0.28861637783744204
RtI0_Std_results_week_end_2020-03-22,Germany,si_2,2020-03-24,0.3141209643201543
RtI0_Std_results_week_end_2020-03-22,Germany,si_2,2020-03-25,1.8422063780568407
RtI0_Std_results_week_end_2020-03-22,Germany,si_2,2020-03-26,8.797875020815987
RtI0_Std_results_week_end_2020-03-22,Germany,si_2,2020-03-27,145.1836233962264
RtI0_Std_results_week_end_2020-03-22,Germany,si_2,2020-03-28,205.14842819512194
RtI0_Std_results_week_end_2020-03-22,Germany,si_2,2020-03-29,820.4253449315069
RtI0_Std_results_week_end_2020-03-22,Iran,si_1,2020-03-23,0.026361215195114376
RtI0_Std_results_week_end_2020-03-22,Iran,si_1,2020-03-24,0.02683763803828905
RtI0_Std_results_week_end_2020-03-22,Iran,si_1,2020-03-25,0.020791095334685598
RtI0_Std_results_week_end_2020-03-22,Iran,si_1,2020-03-26,0.05416911002444988
RtI0_Std_results_week_end_2020-03-22,Iran,si_1,2020-03-27,0.20444756466241182
RtI0_Std_results_week_end_2020-03-22,Iran,si_1,2020-03-28,0.20021143211407316
RtI0_Std_results_week_end_2020-03-22,Iran,si_1,2020-03-29,0.22320350919360654
RtI0_Std_results_week_end_2020-03-22,Iran,si_2,2020-03-23,0.03789146568678191
RtI0_Std_results_week_end_2020-03-22,Iran,si_2,2020-03-24,0.041144051695037855
RtI0_Std_results_week_end_2020-03-22,Iran,si_2,2020-03-25,0.027490933062880325
RtI0_Std_results_week_end_2020-03-22,Iran,si_2,2020-03-26,0.09210509046454768
RtI0_Std_results_week_end_2020-03-22,Iran,si_2,2020-03-27,0.32938070540812897
RtI0_Std_results_week_end_2020-03-22,Iran,si_2,2020-03-28,0.33720923124612523
RtI0_Std_results_week_end_2020-03-22,Iran,si_2,2020-03-29,0.3856610022833794
RtI0_Std_results_week_end_2020-03-22,Italy,si_1,2020-03-23,0.011716678444780559
RtI0_Std_results_week_end_2020-03-22,Italy,si_1,2020-03-24,0.00596474775200935
RtI0_Std_results_week_end_2020-03-22,Italy,si_1,2020-03-25,0.39086393970629085
RtI0_Std_results_week_end_2020-03-22,Italy,si_1,2020-03-26,0.6436714005617762
RtI0_Std_results_week_end_2020-03-22,Italy,si_1,2020-03-27,0.836484044017752
RtI0_Std_results_week_end_2020-03-22,Italy,si_1,2020-03-28,2.96105801435208
RtI0_Std_results_week_end_2020-03-22,Italy,si_1,2020-03-29,3.623242454451783
RtI0_Std_results_week_end_2020-03-22,Italy,si_2,2020-03-23,0.01475372624782338
RtI0_Std_results_week_end_2020-03-22,Italy,si_2,2020-03-24,0.007365582674509621
RtI0_Std_results_week_end_2020-03-22,Italy,si_2,2020-03-25,0.332251228991669
RtI0_Std_results_week_end_2020-03-22,Italy,si_2,2020-03-26,0.5496494331089923
RtI0_Std_results_week_end_2020-03-22,Italy,si_2,2020-03-27,0.706829634815687
RtI0_Std_results_week_end_2020-03-22,Italy,si_2,2020-03-28,2.580610255480313
RtI0_Std_results_week_end_2020-03-22,Italy,si_2,2020-03-29,3.12660544061994
RtI0_Std_results_week_end_2020-03-22,Japan,si_1,2020-03-23,0.47517
RtI0_Std_results_week_end_2020-03-22,Japan,si_1,2020-03-24,0.50689
RtI0_Std_results_week_end_2020-03-22,Japan,si_1,2020-03-25,0.8986
RtI0_Std_results_week_end_2020-03-22,Japan,si_1,2020-03-26,0.5381
RtI0_Std_results_week_end_2020-03-22,Japan,si_1,2020-03-27,0.89295
RtI0_Std_results_week_end_2020-03-22,Japan,si_1,2020-03-28,0.9222
RtI0_Std_results_week_end_2020-03-22,Japan,si_1,2020-03-29,0.7328884615384615
RtI0_Std_results_week_end_2020-03-22,Japan,si_2,2020-03-23,0.45696
RtI0_Std_results_week_end_2020-03-22,Japan,si_2,2020-03-24,0.49953
RtI0_Std_results_week_end_2020-03-22,Japan,si_2,2020-03-25,4.48605
RtI0_Std_results_week_end_2020-03-22,Japan,si_2,2020-03-26,1.58796
RtI0_Std_results_week_end_2020-03-22,Japan,si_2,2020-03-27,6.52215
RtI0_Std_results_week_end_2020-03-22,Japan,si_2,2020-03-28,8.1335
RtI0_Std_results_week_end_2020-03-22,Japan,si_2,2020-03-29,0.6016076923076923
RtI0_Std_results_week_end_2020-03-22,Netherlands,si_1,2020-03-23,0.22759546820809248
RtI0_Std_results_week_end_2020-03-22,Netherlands,si_1,2020-03-24,0.18224813870067755
RtI0_Std_results_week_end_2020-03-22,Netherlands,si_1,2020-03-25,0.27374141331142154
RtI0_Std_results_week_end_2020-03-22,Netherlands,si_1,2020-03-26,0.824176081862209
RtI0_Std_results_week_end_2020-03-22,Netherlands,si_1,2020-03-27,4.768544332493703
RtI0_Std_results_week_end_2020-03-22,Netherlands,si_1,2020-03-28,47.855833016421784
RtI0_Std_results_week_end_2020-03-22,Netherlands,si_1,2020-03-29,57.441938324324326
RtI0_Std_results_week_end_2020-03-22,Netherlands,si_2,2020-03-23,0.19292132947976878
RtI0_Std_results_week_end_2020-03-22,Netherlands,si_2,2020-03-24,0.14049908330011956
RtI0_Std_results_week_end_2020-03-22,Netherlands,si_2,2020-03-25,0.3465379950698439
RtI0_Std_results_week_end_2020-03-22,Netherlands,si_2,2020-03-26,1.1483681924699265
RtI0_Std_results_week_end_2020-03-22,Netherlands,si_2,2020-03-27,6.578615289672544
RtI0_Std_results_week_end_2020-03-22,Netherlands,si_2,2020-03-28,65.34760518582542
RtI0_Std_results_week_end_2020-03-22,Netherlands,si_2,2020-03-29,81.29747772972974
RtI0_Std_results_week_end_2020-03-22,Philippines,si_1,2020-03-23,0.7405177664974619
RtI0_Std_results_week_end_2020-03-22,Philippines,si_1,2020-03-24,0.6425426829268293
RtI0_Std_results_week_end_2020-03-22,Philippines,si_1,2020-03-25,0.58637
RtI0_Std_results_week_end_2020-03-22,Philippines,si_1,2020-03-26,0.44592
RtI0_Std_results_week_end_2020-03-22,Philippines,si_1,2020-03-27,0.6272
RtI0_Std_results_week_end_2020-03-22,Philippines,si_1,2020-03-28,0.6636861538461538
RtI0_Std_results_week_end_2020-03-22,Philippines,si_1,2020-03-29,5.6699
RtI0_Std_results_week_end_2020-03-22,Philippines,si_2,2020-03-23,0.5091340101522842
RtI0_Std_results_week_end_2020-03-22,Philippines,si_2,2020-03-24,0.3896182926829268
RtI0_Std_results_week_end_2020-03-22,Philippines,si_2,2020-03-25,0.59427
RtI0_Std_results_week_end_2020-03-22,Philippines,si_2,2020-03-26,6.8858
RtI0_Std_results_week_end_2020-03-22,Philippines,si_2,2020-03-27,25.81368
RtI0_Std_results_week_end_2020-03-22,Philippines,si_2,2020-03-28,2.200253846153846
RtI0_Std_results_week_end_2020-03-22,Philippines,si_2,2020-03-29,400.3065
RtI0_Std_results_week_end_2020-03-22,South_Korea,si_1,2020-03-23,0.28473846153846155
RtI0_Std_results_week_end_2020-03-22,South_Korea,si_1,2020-03-24,0.63645
RtI0_Std_results_week_end_2020-03-22,South_Korea,si_1,2020-03-25,0.34379384615384617
RtI0_Std_results_week_end_2020-03-22,South_Korea,si_1,2020-03-26,1.0829307692307693
RtI0_Std_results_week_end_2020-03-22,South_Korea,si_1,2020-03-27,0.8929081081081081
RtI0_Std_results_week_end_2020-03-22,South_Korea,si_1,2020-03-28,0.82448
RtI0_Std_results_week_end_2020-03-22,South_Korea,si_1,2020-03-29,0.6542634146341464
RtI0_Std_results_week_end_2020-03-22,South_Korea,si_2,2020-03-23,0.2538092307692308
RtI0_Std_results_week_end_2020-03-22,South_Korea,si_2,2020-03-24,0.3707
RtI0_Std_results_week_end_2020-03-22,South_Korea,si_2,2020-03-25,0.26095846153846153
RtI0_Std_results_week_end_2020-03-22,South_Korea,si_2,2020-03-26,0.5050730769230769
RtI0_Std_results_week_end_2020-03-22,South_Korea,si_2,2020-03-27,0.3967162162162162
RtI0_Std_results_week_end_2020-03-22,South_Korea,si_2,2020-03-28,0.358504
RtI0_Std_results_week_end_2020-03-22,South_Korea,si_2,2020-03-29,0.32562439024390244
RtI0_Std_results_week_end_2020-03-22,Spain,si_1,2020-03-23,0.35414065470042255
RtI0_Std_results_week_end_2020-03-22,Spain,si_1,2020-03-24,0.21563153601347398
RtI0_Std_results_week_end_2020-03-22,Spain,si_1,2020-03-25,0.056485247980308885
RtI0_Std_results_week_end_2020-03-22,Spain,si_1,2020-03-26,0.03236768831073451
RtI0_Std_results_week_end_2020-03-22,Spain,si_1,2020-03-27,0.2698921138392942
RtI0_Std_results_week_end_2020-03-22,Spain,si_1,2020-03-28,1.1321673349106327
RtI0_Std_results_week_end_2020-03-22,Spain,si_1,2020-03-29,3.8477828713515465
RtI0_Std_results_week_end_2020-03-22,Spain,si_2,2020-03-23,0.36235333193687025
RtI0_Std_results_week_end_2020-03-22,Spain,si_2,2020-03-24,0.22622579519820346
RtI0_Std_results_week_end_2020-03-22,Spain,si_2,2020-03-25,0.0655120361003762
RtI0_Std_results_week_end_2020-03-22,Spain,si_2,2020-03-26,0.04045489318730549
RtI0_Std_results_week_end_2020-03-22,Spain,si_2,2020-03-27,0.2170789944624655
RtI0_Std_results_week_end_2020-03-22,Spain,si_2,2020-03-28,0.9627149715383354
RtI0_Std_results_week_end_2020-03-22,Spain,si_2,2020-03-29,3.355692794887817
RtI0_Std_results_week_end_2020-03-22,Switzerland,si_1,2020-03-23,0.3656694117647059
RtI0_Std_results_week_end_2020-03-22,Switzerland,si_1,2020-03-24,0.44884178874325364
RtI0_Std_results_week_end_2020-03-22,Switzerland,si_1,2020-03-25,0.4536223774145617
RtI0_Std_results_week_end_2020-03-22,Switzerland,si_1,2020-03-26,19.96294
RtI0_Std_results_week_end_2020-03-22,Switzerland,si_1,2020-03-27,36.95018229426434
RtI0_Std_results_week_end_2020-03-22,Switzerland,si_1,2020-03-28,1159.2808027027027
RtI0_Std_results_week_end_2020-03-22,Switzerland,si_1,2020-03-29,6491.385411764706
RtI0_Std_results_week_end_2020-03-22,Switzerland,si_2,2020-03-23,0.3112456055363322
RtI0_Std_results_week_end_2020-03-22,Switzerland,si_2,2020-03-24,0.4038850424055513
RtI0_Std_results_week_end_2020-03-22,Switzerland,si_2,2020-03-25,0.39041536404160476
RtI0_Std_results_week_end_2020-03-22,Switzerland,si_2,2020-03-26,24.20106724137931
RtI0_Std_results_week_end_2020-03-22,Switzerland,si_2,2020-03-27,45.1861246882793
RtI0_Std_results_week_end_2020-03-22,Switzerland,si_2,2020-03-28,1413.164218918919
RtI0_Std_results_week_end_2020-03-22,Switzerland,si_2,2020-03-29,7689.513723529411
RtI0_Std_results_week_end_2020-03-22,United_Kingdom,si_1,2020-03-23,0.5623474963388115
RtI0_Std_results_week_end_2020-03-22,United_Kingdom,si_1,2020-03-24,0.3142699346804224
RtI0_Std_results_week_end_2020-03-22,United_Kingdom,si_1,2020-03-25,0.08591011643732042
RtI0_Std_results_week_end_2020-03-22,United_Kingdom,si_1,2020-03-26,5.695967657550535
RtI0_Std_results_week_end_2020-03-22,United_Kingdom,si_1,2020-03-27,1.1729589035667107
RtI0_Std_results_week_end_2020-03-22,United_Kingdom,si_1,2020-03-28,9.71920641069592
RtI0_Std_results_week_end_2020-03-22,United_Kingdom,si_1,2020-03-29,23.468055835140998
RtI0_Std_results_week_end_2020-03-22,United_Kingdom,si_2,2020-03-23,0.5721482507655212
RtI0_Std_results_week_end_2020-03-22,United_Kingdom,si_2,2020-03-24,0.32854786948293757
RtI0_Std_results_week_end_2020-03-22,United_Kingdom,si_2,2020-03-25,0.06200381067594133
RtI0_Std_results_week_end_2020-03-22,United_Kingdom,si_2,2020-03-26,4.221557134363852
RtI0_Std_results_week_end_2020-03-22,United_Kingdom,si_2,2020-03-27,0.6789184147952444
RtI0_Std_results_week_end_2020-03-22,United_Kingdom,si_2,2020-03-28,6.514744292080905
RtI0_Std_results_week_end_2020-03-22,United_Kingdom,si_2,2020-03-29,15.54289119305857
RtI0_Std_results_week_end_2020-03-22,United_States_of_America,si_1,2020-03-23,0.49355850113337063
RtI0_Std_results_week_end_2020-03-22,United_States_of_America,si_1,2020-03-24,0.2470556801363943
RtI0_Std_results_week_end_2020-03-22,United_States_of_America,si_1,2020-03-25,0.20578320471933506
RtI0_Std_results_week_end_2020-03-22,United_States_of_America,si_1,2020-03-26,1.0335841811554467
RtI0_Std_results_week_end_2020-03-22,United_States_of_America,si_1,2020-03-27,5.913880688199092
RtI0_Std_results_week_end_2020-03-22,United_States_of_America,si_1,2020-03-28,62.113341321847194
RtI0_Std_results_week_end_2020-03-22,United_States_of_America,si_1,2020-03-29,118.88463606223051
RtI0_Std_results_week_end_2020-03-22,United_States_of_America,si_2,2020-03-23,0.53745030927571
RtI0_Std_results_week_end_2020-03-22,United_States_of_America,si_2,2020-03-24,0.30896058299096624
RtI0_Std_results_week_end_2020-03-22,United_States_of_America,si_2,2020-03-25,0.0716230943371284
RtI0_Std_results_week_end_2020-03-22,United_States_of_America,si_2,2020-03-26,0.42043199574207285
RtI0_Std_results_week_end_2020-03-22,United_States_of_America,si_2,2020-03-27,2.9457871771259154
RtI0_Std_results_week_end_2020-03-22,United_States_of_America,si_2,2020-03-28,33.95046201807654
RtI0_Std_results_week_end_2020-03-22,United_States_of_America,si_2,2020-03-29,62.29676718331197
sbkp_Std_results_week_end_2020-03-08,China,si_1,2020-03-09,3.228657317073171
sbkp_Std_results_week_end_2020-03-08,China,si_1,2020-03-10,0.3966774336283186
sbkp_Std_results_week_end_2020-03-08,China,si_1,2020-03-11,4.70099
sbkp_Std_results_week_end_2020-03-08,China,si_1,2020-03-12,0.8921040983606557
sbkp_Std_results_week_end_2020-03-08,China,si_1,2020-03-13,0.08102948453608247
sbkp_Std_results_week_end_2020-03-08,China,si_1,2020-03-14,0.09802862068965518
sbkp_Std_results_week_end_2020-03-08,China,si_1,2020-03-15,0.1390032075471698
sbkp_Std_results_week_end_2020-03-08,China,si_2,2020-03-09,2.915321951219512
sbkp_Std_results_week_end_2020-03-08,China,si_2,2020-03-10,0.3083442477876106
sbkp_Std_results_week_end_2020-03-08,China,si_2,2020-03-11,4.019508
sbkp_Std_results_week_end_2020-03-08,China,si_2,2020-03-12,0.6985254098360656
sbkp_Std_results_week_end_2020-03-08,China,si_2,2020-03-13,0.09232948453608247
sbkp_Std_results_week_end_2020-03-08,China,si_2,2020-03-14,0.07841379310344827
sbkp_Std_results_week_end_2020-03-08,China,si_2,2020-03-15,0.16311188679245284
sbkp_Std_results_week_end_2020-03-08,Iran,si_1,2020-03-09,0.5450060467587673
sbkp_Std_results_week_end_2020-03-08,Iran,si_1,2020-03-10,0.4339471076667589
sbkp_Std_results_week_end_2020-03-08,Iran,si_1,2020-03-11,0.3080279594738713
sbkp_Std_results_week_end_2020-03-08,Iran,si_1,2020-03-12,0.15642012594458438
sbkp_Std_results_week_end_2020-03-08,Iran,si_1,2020-03-13,0.06417949948577305
sbkp_Std_results_week_end_2020-03-08,Iran,si_1,2020-03-14,0.1844711891891892
sbkp_Std_results_week_end_2020-03-08,Iran,si_1,2020-03-15,0.22288875936719402
sbkp_Std_results_week_end_2020-03-08,Iran,si_2,2020-03-09,0.5569006588735388
sbkp_Std_results_week_end_2020-03-08,Iran,si_2,2020-03-10,0.4506940907832826
sbkp_Std_results_week_end_2020-03-08,Iran,si_2,2020-03-11,0.32979898684678277
sbkp_Std_results_week_end_2020-03-08,Iran,si_2,2020-03-12,0.18138607052896724
sbkp_Std_results_week_end_2020-03-08,Iran,si_2,2020-03-13,0.07616767226602673
sbkp_Std_results_week_end_2020-03-08,Iran,si_2,2020-03-14,0.11757308108108108
sbkp_Std_results_week_end_2020-03-08,Iran,si_2,2020-03-15,0.13854000832639468
sbkp_Std_results_week_end_2020-03-08,Italy,si_1,2020-03-09,0.23377346809221516
sbkp_Std_results_week_end_2020-03-08,Italy,si_1,2020-03-10,0.3259176553027321
sbkp_Std_results_week_end_2020-03-08,Italy,si_1,2020-03-11,0.07026344829516824
sbkp_Std_results_week_end_2020-03-08,Italy,si_1,2020-03-12,0.04001504021657079
sbkp_Std_results_week_end_2020-03-08,Italy,si_1,2020-03-13,0.4861282538544281
sbkp_Std_results_week_end_2020-03-08,Italy,si_1,2020-03-14,8.034625007808433
sbkp_Std_results_week_end_2020-03-08,Italy,si_1,2020-03-15,8.221574273600904
sbkp_Std_results_week_end_2020-03-08,Italy,si_2,2020-03-09,0.21486722352155027
sbkp_Std_results_week_end_2020-03-08,Italy,si_2,2020-03-10,0.2928888953625699
sbkp_Std_results_week_end_2020-03-08,Italy,si_2,2020-03-11,0.04978604781367225
sbkp_Std_results_week_end_2020-03-08,Italy,si_2,2020-03-12,0.043927276986750655
sbkp_Std_results_week_end_2020-03-08,Italy,si_2,2020-03-13,0.6345004768734314
sbkp_Std_results_week_end_2020-03-08,Italy,si_2,2020-03-14,9.677181124414368
sbkp_Std_results_week_end_2020-03-08,Italy,si_2,2020-03-15,9.95181520067835
sbkp_Std_results_week_end_2020-03-08,South_Korea,si_1,2020-03-09,1.1858900000000001
sbkp_Std_results_week_end_2020-03-08,South_Korea,si_1,2020-03-10,0.3187653846153846
sbkp_Std_results_week_end_2020-03-08,South_Korea,si_1,2020-03-11,16.81895
sbkp_Std_results_week_end_2020-03-08,South_Korea,si_1,2020-03-12,0.3694243243243243
sbkp_Std_results_week_end_2020-03-08,South_Korea,si_1,2020-03-13,0.5101675675675675
sbkp_Std_results_week_end_2020-03-08,South_Korea,si_1,2020-03-14,4.37762
sbkp_Std_results_week_end_2020-03-08,South_Korea,si_1,2020-03-15,40.77175
sbkp_Std_results_week_end_2020-03-08,South_Korea,si_2,2020-03-09,1.48771
sbkp_Std_results_week_end_2020-03-08,South_Korea,si_2,2020-03-10,0.38730384615384617
sbkp_Std_results_week_end_2020-03-08,South_Korea,si_2,2020-03-11,20.0679
sbkp_Std_results_week_end_2020-03-08,South_Korea,si_2,2020-03-12,0.4193945945945946
sbkp_Std_results_week_end_2020-03-08,South_Korea,si_2,2020-03-13,0.5826891891891892
sbkp_Std_results_week_end_2020-03-08,South_Korea,si_2,2020-03-14,5.50176
sbkp_Std_results_week_end_2020-03-08,South_Korea,si_2,2020-03-15,50.48575
sbkp_Std_results_week_end_2020-03-15,China,si_1,2020-03-16,0.31984054054054056
sbkp_Std_results_week_end_2020-03-15,China,si_1,2020-03-17,0.16228
sbkp_Std_results_week_end_2020-03-15,China,si_1,2020-03-18,0.6513588235294118
sbkp_Std_results_week_end_2020-03-15,China,si_1,2020-03-19,0.2240123076923077
sbkp_Std_results_week_end_2020-03-15,China,si_1,2020-03-20,0.5383058365758755
sbkp_Std_results_week_end_2020-03-15,China,si_1,2020-03-21,0.37755853658536587
sbkp_Std_results_week_end_2020-03-15,China,si_1,2020-03-22,0.58811269035533
sbkp_Std_results_week_end_2020-03-15,China,si_2,2020-03-16,0.3922432432432432
sbkp_Std_results_week_end_2020-03-15,China,si_2,2020-03-17,0.180402
sbkp_Std_results_week_end_2020-03-15,China,si_2,2020-03-18,0.8029529411764705
sbkp_Std_results_week_end_2020-03-15,China,si_2,2020-03-19,0.18556153846153847
sbkp_Std_results_week_end_2020-03-15,China,si_2,2020-03-20,0.4898385214007782
sbkp_Std_results_week_end_2020-03-15,China,si_2,2020-03-21,0.3171719512195122
sbkp_Std_results_week_end_2020-03-15,China,si_2,2020-03-22,0.5329705583756346
sbkp_Std_results_week_end_2020-03-15,France,si_1,2020-03-16,0.5425858190514149
sbkp_Std_results_week_end_2020-03-15,France,si_1,2020-03-17,0.3210463434675431
sbkp_Std_results_week_end_2020-03-15,France,si_1,2020-03-18,0.43342119011290814
sbkp_Std_results_week_end_2020-03-15,France,si_1,2020-03-19,0.08435575388492231
sbkp_Std_results_week_end_2020-03-15,France,si_1,2020-03-20,4.079048082191781
sbkp_Std_results_week_end_2020-03-15,France,si_1,2020-03-21,16.562878959276016
sbkp_Std_results_week_end_2020-03-15,France,si_1,2020-03-22,8.798309946029299
sbkp_Std_results_week_end_2020-03-15,France,si_2,2020-03-16,0.5186122439218812
sbkp_Std_results_week_end_2020-03-15,France,si_2,2020-03-17,0.2756954971240756
sbkp_Std_results_week_end_2020-03-15,France,si_2,2020-03-18,0.3949763075984132
sbkp_Std_results_week_end_2020-03-15,France,si_2,2020-03-19,0.06557887442251155
sbkp_Std_results_week_end_2020-03-15,France,si_2,2020-03-20,5.141759452054795
sbkp_Std_results_week_end_2020-03-15,France,si_2,2020-03-21,20.506676018099547
sbkp_Std_results_week_end_2020-03-15,France,si_2,2020-03-22,11.065633461835004
sbkp_Std_results_week_end_2020-03-15,Iran,si_1,2020-03-16,0.015102022471910113
sbkp_Std_results_week_end_2020-03-15,Iran,si_1,2020-03-17,0.013878745158093866
sbkp_Std_results_week_end_2020-03-15,Iran,si_1,2020-03-18,0.05180366633636609
sbkp_Std_results_week_end_2020-03-15,Iran,si_1,2020-03-19,0.2162748125867654
sbkp_Std_results_week_end_2020-03-15,Iran,si_1,2020-03-20,0.8029212004828268
sbkp_Std_results_week_end_2020-03-15,Iran,si_1,2020-03-21,1.8751364319192405
sbkp_Std_results_week_end_2020-03-15,Iran,si_1,2020-03-22,5.029837635082224
sbkp_Std_results_week_end_2020-03-15,Iran,si_2,2020-03-16,0.01633857898215466
sbkp_Std_results_week_end_2020-03-15,Iran,si_2,2020-03-17,0.014358206467885775
sbkp_Std_results_week_end_2020-03-15,Iran,si_2,2020-03-18,0.06722316908386632
sbkp_Std_results_week_end_2020-03-15,Iran,si_2,2020-03-19,0.2682806293382693
sbkp_Std_results_week_end_2020-03-15,Iran,si_2,2020-03-20,0.9522111434214858
sbkp_Std_results_week_end_2020-03-15,Iran,si_2,2020-03-21,2.2081967972599448
sbkp_Std_results_week_end_2020-03-15,Iran,si_2,2020-03-22,5.820126523101018
sbkp_Std_results_week_end_2020-03-15,Italy,si_1,2020-03-16,0.31491794657181826
sbkp_Std_results_week_end_2020-03-15,Italy,si_1,2020-03-17,0.14436391894036751
sbkp_Std_results_week_end_2020-03-15,Italy,si_1,2020-03-18,0.012419674313471924
sbkp_Std_results_week_end_2020-03-15,Italy,si_1,2020-03-19,0.03965894560407634
sbkp_Std_results_week_end_2020-03-15,Italy,si_1,2020-03-20,0.8789430545635745
sbkp_Std_results_week_end_2020-03-15,Italy,si_1,2020-03-21,1.7691440901918445
sbkp_Std_results_week_end_2020-03-15,Italy,si_1,2020-03-22,2.6552275337652755
sbkp_Std_results_week_end_2020-03-15,Italy,si_2,2020-03-16,0.28620291174730156
sbkp_Std_results_week_end_2020-03-15,Italy,si_2,2020-03-17,0.10293093624080323
sbkp_Std_results_week_end_2020-03-15,Italy,si_2,2020-03-18,0.04252700742221884
sbkp_Std_results_week_end_2020-03-15,Italy,si_2,2020-03-19,0.10764170473338398
sbkp_Std_results_week_end_2020-03-15,Italy,si_2,2020-03-20,1.428677940370401
sbkp_Std_results_week_end_2020-03-15,Italy,si_2,2020-03-21,2.82275395648202
sbkp_Std_results_week_end_2020-03-15,Italy,si_2,2020-03-22,4.288579258734414
sbkp_Std_results_week_end_2020-03-15,South_Korea,si_1,2020-03-16,8.08635
sbkp_Std_results_week_end_2020-03-15,South_Korea,si_1,2020-03-17,0.69732
sbkp_Std_results_week_end_2020-03-15,South_Korea,si_1,2020-03-18,0.35443658536585365
sbkp_Std_results_week_end_2020-03-15,South_Korea,si_1,2020-03-19,0.31416153846153844
sbkp_Std_results_week_end_2020-03-15,South_Korea,si_1,2020-03-20,0.38361538461538464
sbkp_Std_results_week_end_2020-03-15,South_Korea,si_1,2020-03-21,0.37244054054054054
sbkp_Std_results_week_end_2020-03-15,South_Korea,si_1,2020-03-22,39.4838
sbkp_Std_results_week_end_2020-03-15,South_Korea,si_2,2020-03-16,8.6523
sbkp_Std_results_week_end_2020-03-15,South_Korea,si_2,2020-03-17,0.75935
sbkp_Std_results_week_end_2020-03-15,South_Korea,si_2,2020-03-18,0.3354841463414634
sbkp_Std_results_week_end_2020-03-15,South_Korea,si_2,2020-03-19,0.2909807692307692
sbkp_Std_results_week_end_2020-03-15,South_Korea,si_2,2020-03-20,0.33301153846153847
sbkp_Std_results_week_end_2020-03-15,South_Korea,si_2,2020-03-21,0.3098837837837838
sbkp_Std_results_week_end_2020-03-15,South_Korea,si_2,2020-03-22,37.3593
sbkp_Std_results_week_end_2020-03-15,Spain,si_1,2020-03-16,0.5519912657058212
sbkp_Std_results_week_end_2020-03-15,Spain,si_1,2020-03-17,0.3257847571795893
sbkp_Std_results_week_end_2020-03-15,Spain,si_1,2020-03-18,0.03691431972550942
sbkp_Std_results_week_end_2020-03-15,Spain,si_1,2020-03-19,1.4445799563318777
sbkp_Std_results_week_end_2020-03-15,Spain,si_1,2020-03-20,0.923689639245283
sbkp_Std_results_week_end_2020-03-15,Spain,si_1,2020-03-21,571.4811325791856
sbkp_Std_results_week_end_2020-03-15,Spain,si_1,2020-03-22,17.986813819519586
sbkp_Std_results_week_end_2020-03-15,Spain,si_2,2020-03-16,0.5273140764167389
sbkp_Std_results_week_end_2020-03-15,Spain,si_2,2020-03-17,0.27153546336870316
sbkp_Std_results_week_end_2020-03-15,Spain,si_2,2020-03-18,0.027746992507527483
sbkp_Std_results_week_end_2020-03-15,Spain,si_2,2020-03-19,2.069113074235808
sbkp_Std_results_week_end_2020-03-15,Spain,si_2,2020-03-20,1.4199621252830188
sbkp_Std_results_week_end_2020-03-15,Spain,si_2,2020-03-21,746.3501214932127
sbkp_Std_results_week_end_2020-03-15,Spain,si_2,2020-03-22,24.992945656784247
sbkp_Std_results_week_end_2020-03-15,United_States_of_America,si_1,2020-03-16,0.6744681612248086
sbkp_Std_results_week_end_2020-03-15,United_States_of_America,si_1,2020-03-17,0.7002134121147012
sbkp_Std_results_week_end_2020-03-15,United_States_of_America,si_1,2020-03-18,658.3603
sbkp_Std_results_week_end_2020-03-15,United_States_of_America,si_1,2020-03-19,0.17584606232294617
sbkp_Std_results_week_end_2020-03-15,United_States_of_America,si_1,2020-03-20,1.5368977358490565
sbkp_Std_results_week_end_2020-03-15,United_States_of_America,si_1,2020-03-21,10.230301945525293
sbkp_Std_results_week_end_2020-03-15,United_States_of_America,si_1,2020-03-22,43.69564206896552
sbkp_Std_results_week_end_2020-03-15,United_States_of_America,si_2,2020-03-16,0.7006214185283549
sbkp_Std_results_week_end_2020-03-15,United_States_of_America,si_2,2020-03-17,0.7304111065201223
sbkp_Std_results_week_end_2020-03-15,United_States_of_America,si_2,2020-03-18,470.5583
sbkp_Std_results_week_end_2020-03-15,United_States_of_America,si_2,2020-03-19,0.21236951841359775
sbkp_Std_results_week_end_2020-03-15,United_States_of_America,si_2,2020-03-20,0.581032641509434
sbkp_Std_results_week_end_2020-03-15,United_States_of_America,si_2,2020-03-21,4.1827214007782105
sbkp_Std_results_week_end_2020-03-15,United_States_of_America,si_2,2020-03-22,17.28114206896552
sbkp_Std_results_week_end_2020-03-22,China,si_1,2020-03-23,0.2372423076923077
sbkp_Std_results_week_end_2020-03-22,China,si_1,2020-03-24,0.73929
sbkp_Std_results_week_end_2020-03-22,China,si_1,2020-03-25,0.23159230769230768
sbkp_Std_results_week_end_2020-03-22,China,si_1,2020-03-26,0.29
sbkp_Std_results_week_end_2020-03-22,China,si_1,2020-03-27,0.29965882352941176
sbkp_Std_results_week_end_2020-03-22,China,si_1,2020-03-28,0.430166
sbkp_Std_results_week_end_2020-03-22,China,si_1,2020-03-29,0.5532146341463414
sbkp_Std_results_week_end_2020-03-22,China,si_2,2020-03-23,0.2513230769230769
sbkp_Std_results_week_end_2020-03-22,China,si_2,2020-03-24,0.83793
sbkp_Std_results_week_end_2020-03-22,China,si_2,2020-03-25,0.22601153846153846
sbkp_Std_results_week_end_2020-03-22,China,si_2,2020-03-26,0.261027027027027
sbkp_Std_results_week_end_2020-03-22,China,si_2,2020-03-27,0.2761411764705882
sbkp_Std_results_week_end_2020-03-22,China,si_2,2020-03-28,0.387788
sbkp_Std_results_week_end_2020-03-22,China,si_2,2020-03-29,0.5125731707317073
sbkp_Std_results_week_end_2020-03-22,France,si_1,2020-03-23,0.12215969517108548
sbkp_Std_results_week_end_2020-03-22,France,si_1,2020-03-24,0.0213873682915371
sbkp_Std_results_week_end_2020-03-22,France,si_1,2020-03-25,0.010133226997733176
sbkp_Std_results_week_end_2020-03-22,France,si_1,2020-03-26,1.261727437127544
sbkp_Std_results_week_end_2020-03-22,France,si_1,2020-03-27,3.1903141889897744
sbkp_Std_results_week_end_2020-03-22,France,si_1,2020-03-28,15.150264485360003
sbkp_Std_results_week_end_2020-03-22,France,si_1,2020-03-29,101.55749296133918
sbkp_Std_results_week_end_2020-03-22,France,si_2,2020-03-23,0.13934938778718972
sbkp_Std_results_week_end_2020-03-22,France,si_2,2020-03-24,0.026591637770967094
sbkp_Std_results_week_end_2020-03-22,France,si_2,2020-03-25,0.01269082686562683
sbkp_Std_results_week_end_2020-03-22,France,si_2,2020-03-26,0.9767462951163749
sbkp_Std_results_week_end_2020-03-22,France,si_2,2020-03-27,2.461408770681065
sbkp_Std_results_week_end_2020-03-22,France,si_2,2020-03-28,11.88795201028991
sbkp_Std_results_week_end_2020-03-22,France,si_2,2020-03-29,79.69372156237544
sbkp_Std_results_week_end_2020-03-22,Germany,si_1,2020-03-23,0.3086321698804003
sbkp_Std_results_week_end_2020-03-22,Germany,si_1,2020-03-24,0.2052992864030858
sbkp_Std_results_week_end_2020-03-22,Germany,si_1,2020-03-25,0.10275218109715796
sbkp_Std_results_week_end_2020-03-22,Germany,si_1,2020-03-26,0.9039526228143214
sbkp_Std_results_week_end_2020-03-22,Germany,si_1,2020-03-27,23.624523773584905
sbkp_Std_results_week_end_2020-03-22,Germany,si_1,2020-03-28,27.481479609756096
sbkp_Std_results_week_end_2020-03-22,Germany,si_1,2020-03-29,99.70618219178083
sbkp_Std_results_week_end_2020-03-22,Germany,si_2,2020-03-23,0.3502213570905541
sbkp_Std_results_week_end_2020-03-22,Germany,si_2,2020-03-24,0.24205967213114754
sbkp_Std_results_week_end_2020-03-22,Germany,si_2,2020-03-25,0.0546238929279577
sbkp_Std_results_week_end_2020-03-22,Germany,si_2,2020-03-26,0.44737531223980015
sbkp_Std_results_week_end_2020-03-22,Germany,si_2,2020-03-27,14.765820566037736
sbkp_Std_results_week_end_2020-03-22,Germany,si_2,2020-03-28,15.83099512195122
sbkp_Std_results_week_end_2020-03-22,Germany,si_2,2020-03-29,54.68371109589041
sbkp_Std_results_week_end_2020-03-22,Iran,si_1,2020-03-23,0.09991646827450575
sbkp_Std_results_week_end_2020-03-22,Iran,si_1,2020-03-24,0.09311835366735786
sbkp_Std_results_week_end_2020-03-22,Iran,si_1,2020-03-25,0.07478820689655172
sbkp_Std_results_week_end_2020-03-22,Iran,si_1,2020-03-26,0.23902294865525672
sbkp_Std_results_week_end_2020-03-22,Iran,si_1,2020-03-27,0.7504748337252267
sbkp_Std_results_week_end_2020-03-22,Iran,si_1,2020-03-28,0.8599106447613143
sbkp_Std_results_week_end_2020-03-22,Iran,si_1,2020-03-29,1.0847558887152986
sbkp_Std_results_week_end_2020-03-22,Iran,si_2,2020-03-23,0.14127604285270676
sbkp_Std_results_week_end_2020-03-22,Iran,si_2,2020-03-24,0.1606776968703284
sbkp_Std_results_week_end_2020-03-22,Iran,si_2,2020-03-25,0.14183484381338743
sbkp_Std_results_week_end_2020-03-22,Iran,si_2,2020-03-26,0.3979438826405868
sbkp_Std_results_week_end_2020-03-22,Iran,si_2,2020-03-27,1.1433723480013436
sbkp_Std_results_week_end_2020-03-22,Iran,si_2,2020-03-28,1.3511604215747055
sbkp_Std_results_week_end_2020-03-22,Iran,si_2,2020-03-29,1.732336119456796
sbkp_Std_results_week_end_2020-03-22,Italy,si_1,2020-03-23,0.003433549957420847
sbkp_Std_results_week_end_2020-03-22,Italy,si_1,2020-03-24,0.0030713044179194395
sbkp_Std_results_week_end_2020-03-22,Italy,si_1,2020-03-25,0.6553015966446358
sbkp_Std_results_week_end_2020-03-22,Italy,si_1,2020-03-26,1.106268644320647
sbkp_Std_results_week_end_2020-03-22,Italy,si_1,2020-03-27,1.5009041523412734
sbkp_Std_results_week_end_2020-03-22,Italy,si_1,2020-03-28,4.9992959966999075
sbkp_Std_results_week_end_2020-03-22,Italy,si_1,2020-03-29,6.381753608244975
sbkp_Std_results_week_end_2020-03-22,Italy,si_2,2020-03-23,0.0014461781715113693
sbkp_Std_results_week_end_2020-03-22,Italy,si_2,2020-03-24,0.006372928550064592
sbkp_Std_results_week_end_2020-03-22,Italy,si_2,2020-03-25,0.7505745239335998
sbkp_Std_results_week_end_2020-03-22,Italy,si_2,2020-03-26,1.2666841051007405
sbkp_Std_results_week_end_2020-03-22,Italy,si_2,2020-03-27,1.7313309738248348
sbkp_Std_results_week_end_2020-03-22,Italy,si_2,2020-03-28,5.669727607820555
sbkp_Std_results_week_end_2020-03-22,Italy,si_2,2020-03-29,7.29279063157345
sbkp_Std_results_week_end_2020-03-22,Japan,si_1,2020-03-23,0.36959
sbkp_Std_results_week_end_2020-03-22,Japan,si_1,2020-03-24,0.37534
sbkp_Std_results_week_end_2020-03-22,Japan,si_1,2020-03-25,3.4888
sbkp_Std_results_week_end_2020-03-22,Japan,si_1,2020-03-26,1.29432
sbkp_Std_results_week_end_2020-03-22,Japan,si_1,2020-03-27,6.2733
sbkp_Std_results_week_end_2020-03-22,Japan,si_1,2020-03-28,8.79915
sbkp_Std_results_week_end_2020-03-22,Japan,si_1,2020-03-29,0.7013884615384616
sbkp_Std_results_week_end_2020-03-22,Japan,si_2,2020-03-23,0.36298
sbkp_Std_results_week_end_2020-03-22,Japan,si_2,2020-03-24,0.36783
sbkp_Std_results_week_end_2020-03-22,Japan,si_2,2020-03-25,3.43955
sbkp_Std_results_week_end_2020-03-22,Japan,si_2,2020-03-26,1.0789
sbkp_Std_results_week_end_2020-03-22,Japan,si_2,2020-03-27,5.04805
sbkp_Std_results_week_end_2020-03-22,Japan,si_2,2020-03-28,6.34885
sbkp_Std_results_week_end_2020-03-22,Japan,si_2,2020-03-29,0.4600730769230769
sbkp_Std_results_week_end_2020-03-22,Netherlands,si_1,2020-03-23,0.07907969942196531
sbkp_Std_results_week_end_2020-03-22,Netherlands,si_1,2020-03-24,0.05104617776006377
sbkp_Std_results_week_end_2020-03-22,Netherlands,si_1,2020-03-25,0.6242160887428102
sbkp_Std_results_week_end_2020-03-22,Netherlands,si_1,2020-03-26,2.455539525074207
sbkp_Std_results_week_end_2020-03-22,Netherlands,si_1,2020-03-27,14.431128186397984
sbkp_Std_results_week_end_2020-03-22,Netherlands,si_1,2020-03-28,147.6044062229905
sbkp_Std_results_week_end_2020-03-22,Netherlands,si_1,2020-03-29,209.71726805405405
sbkp_Std_results_week_end_2020-03-22,Netherlands,si_2,2020-03-23,0.07259408092485549
sbkp_Std_results_week_end_2020-03-22,Netherlands,si_2,2020-03-24,0.040510546034276604
sbkp_Std_results_week_end_2020-03-22,Netherlands,si_2,2020-03-25,0.6740979457682826
sbkp_Std_results_week_end_2020-03-22,Netherlands,si_2,2020-03-26,2.5755645524136854
sbkp_Std_results_week_end_2020-03-22,Netherlands,si_2,2020-03-27,14.929556397984886
sbkp_Std_results_week_end_2020-03-22,Netherlands,si_2,2020-03-28,150.91419317199654
sbkp_Std_results_week_end_2020-03-22,Netherlands,si_2,2020-03-29,212.4992128108108
sbkp_Std_results_week_end_2020-03-22,Philippines,si_1,2020-03-23,0.799471573604061
sbkp_Std_results_week_end_2020-03-22,Philippines,si_1,2020-03-24,0.6334780487804879
sbkp_Std_results_week_end_2020-03-22,Philippines,si_1,2020-03-25,0.535106
sbkp_Std_results_week_end_2020-03-22,Philippines,si_1,2020-03-26,0.47191
sbkp_Std_results_week_end_2020-03-22,Philippines,si_1,2020-03-27,1.0231
sbkp_Std_results_week_end_2020-03-22,Philippines,si_1,2020-03-28,0.5958723076923077
sbkp_Std_results_week_end_2020-03-22,Philippines,si_1,2020-03-29,13.305
sbkp_Std_results_week_end_2020-03-22,Philippines,si_2,2020-03-23,0.7711573604060914
sbkp_Std_results_week_end_2020-03-22,Philippines,si_2,2020-03-24,0.6185475609756098
sbkp_Std_results_week_end_2020-03-22,Philippines,si_2,2020-03-25,0.510816
sbkp_Std_results_week_end_2020-03-22,Philippines,si_2,2020-03-26,0.47804
sbkp_Std_results_week_end_2020-03-22,Philippines,si_2,2020-03-27,1.13582
sbkp_Std_results_week_end_2020-03-22,Philippines,si_2,2020-03-28,0.5310753846153846
sbkp_Std_results_week_end_2020-03-22,Philippines,si_2,2020-03-29,16.4104
sbkp_Std_results_week_end_2020-03-22,South_Korea,si_1,2020-03-23,0.16835692307692307
sbkp_Std_results_week_end_2020-03-22,South_Korea,si_1,2020-03-24,0.5414884615384615
sbkp_Std_results_week_end_2020-03-22,South_Korea,si_1,2020-03-25,0.21269384615384615
sbkp_Std_results_week_end_2020-03-22,South_Korea,si_1,2020-03-26,1.1376653846153846
sbkp_Std_results_week_end_2020-03-22,South_Korea,si_1,2020-03-27,1.0769297297297298
sbkp_Std_results_week_end_2020-03-22,South_Korea,si_1,2020-03-28,1.08265
sbkp_Std_results_week_end_2020-03-22,South_Korea,si_1,2020-03-29,0.8888012195121952
sbkp_Std_results_week_end_2020-03-22,South_Korea,si_2,2020-03-23,0.16233692307692307
sbkp_Std_results_week_end_2020-03-22,South_Korea,si_2,2020-03-24,0.5288153846153846
sbkp_Std_results_week_end_2020-03-22,South_Korea,si_2,2020-03-25,0.18344615384615384
sbkp_Std_results_week_end_2020-03-22,South_Korea,si_2,2020-03-26,0.8309692307692308
sbkp_Std_results_week_end_2020-03-22,South_Korea,si_2,2020-03-27,0.6816621621621621
sbkp_Std_results_week_end_2020-03-22,South_Korea,si_2,2020-03-28,0.610694
sbkp_Std_results_week_end_2020-03-22,South_Korea,si_2,2020-03-29,0.43324024390243904
sbkp_Std_results_week_end_2020-03-22,Spain,si_1,2020-03-23,0.24892223742280328
sbkp_Std_results_week_end_2020-03-22,Spain,si_1,2020-03-24,0.0845958543159689
sbkp_Std_results_week_end_2020-03-22,Spain,si_1,2020-03-25,0.014202172595600266
sbkp_Std_results_week_end_2020-03-22,Spain,si_1,2020-03-26,0.08790079262638967
sbkp_Std_results_week_end_2020-03-22,Spain,si_1,2020-03-27,2.057831369773313
sbkp_Std_results_week_end_2020-03-22,Spain,si_1,2020-03-28,6.574154383096348
sbkp_Std_results_week_end_2020-03-22,Spain,si_1,2020-03-29,20.222800307916284
sbkp_Std_results_week_end_2020-03-22,Spain,si_2,2020-03-23,0.23872153606125177
sbkp_Std_results_week_end_2020-03-22,Spain,si_2,2020-03-24,0.07930876011647688
sbkp_Std_results_week_end_2020-03-22,Spain,si_2,2020-03-25,0.016769645429414535
sbkp_Std_results_week_end_2020-03-22,Spain,si_2,2020-03-26,0.09559170927852087
sbkp_Std_results_week_end_2020-03-22,Spain,si_2,2020-03-27,2.1417905010276423
sbkp_Std_results_week_end_2020-03-22,Spain,si_2,2020-03-28,6.770475277940453
sbkp_Std_results_week_end_2020-03-22,Spain,si_2,2020-03-29,20.759046750452534
sbkp_Std_results_week_end_2020-03-22,Switzerland,si_1,2020-03-23,0.30107432525951555
sbkp_Std_results_week_end_2020-03-22,Switzerland,si_1,2020-03-24,0.1532454895913647
sbkp_Std_results_week_end_2020-03-22,Switzerland,si_1,2020-03-25,0.23959696879643388
sbkp_Std_results_week_end_2020-03-22,Switzerland,si_1,2020-03-26,2.639568275862069
sbkp_Std_results_week_end_2020-03-22,Switzerland,si_1,2020-03-27,4.0061840399002495
sbkp_Std_results_week_end_2020-03-22,Switzerland,si_1,2020-03-28,144.76714054054054
sbkp_Std_results_week_end_2020-03-22,Switzerland,si_1,2020-03-29,628.1851
sbkp_Std_results_week_end_2020-03-22,Switzerland,si_2,2020-03-23,0.315741660899654
sbkp_Std_results_week_end_2020-03-22,Switzerland,si_2,2020-03-24,0.16134225134926755
sbkp_Std_results_week_end_2020-03-22,Switzerland,si_2,2020-03-25,0.25230832095096584
sbkp_Std_results_week_end_2020-03-22,Switzerland,si_2,2020-03-26,2.202941379310345
sbkp_Std_results_week_end_2020-03-22,Switzerland,si_2,2020-03-27,3.2618770573566085
sbkp_Std_results_week_end_2020-03-22,Switzerland,si_2,2020-03-28,122.66661621621621
sbkp_Std_results_week_end_2020-03-22,Switzerland,si_2,2020-03-29,517.711105882353
sbkp_Std_results_week_end_2020-03-22,United_Kingdom,si_1,2020-03-23,0.4759366251978521
sbkp_Std_results_week_end_2020-03-22,United_Kingdom,si_1,2020-03-24,0.19248112142115867
sbkp_Std_results_week_end_2020-03-22,United_Kingdom,si_1,2020-03-25,0.06589392106456979
sbkp_Std_results_week_end_2020-03-22,United_Kingdom,si_1,2020-03-26,12.113407074910821
sbkp_Std_results_week_end_2020-03-22,United_Kingdom,si_1,2020-03-27,3.3405046103038307
sbkp_Std_results_week_end_2020-03-22,United_Kingdom,si_1,2020-03-28,25.26664953719575
sbkp_Std_results_week_end_2020-03-22,United_Kingdom,si_1,2020-03-29,64.71782351409978
sbkp_Std_results_week_end_2020-03-22,United_Kingdom,si_2,2020-03-23,0.4490616854780255
sbkp_Std_results_week_end_2020-03-22,United_Kingdom,si_2,2020-03-24,0.15678609364507662
sbkp_Std_results_week_end_2020-03-22,United_Kingdom,si_2,2020-03-25,0.11540138363828822
sbkp_Std_results_week_end_2020-03-22,United_Kingdom,si_2,2020-03-26,15.382354577883472
sbkp_Std_results_week_end_2020-03-22,United_Kingdom,si_2,2020-03-27,4.575135099075297
sbkp_Std_results_week_end_2020-03-22,United_Kingdom,si_2,2020-03-28,33.63083123071649
sbkp_Std_results_week_end_2020-03-22,United_Kingdom,si_2,2020-03-29,86.83590685466378
sbkp_Std_results_week_end_2020-03-22,United_States_of_America,si_1,2020-03-23,0.5477121353897643
sbkp_Std_results_week_end_2020-03-22,United_States_of_America,si_1,2020-03-24,0.31601066350149776
sbkp_Std_results_week_end_2020-03-22,United_States_of_America,si_1,2020-03-25,0.019265994679181057
sbkp_Std_results_week_end_2020-03-22,United_States_of_America,si_1,2020-03-26,0.2367015741427696
sbkp_Std_results_week_end_2020-03-22,United_States_of_America,si_1,2020-03-27,2.0846316607519877
sbkp_Std_results_week_end_2020-03-22,United_States_of_America,si_1,2020-03-28,26.014309172433272
sbkp_Std_results_week_end_2020-03-22,United_States_of_America,si_1,2020-03-29,46.965000693392376
sbkp_Std_results_week_end_2020-03-22,United_States_of_America,si_2,2020-03-23,0.5856108393772651
sbkp_Std_results_week_end_2020-03-22,United_States_of_America,si_2,2020-03-24,0.3690262748487468
sbkp_Std_results_week_end_2020-03-22,United_States_of_America,si_2,2020-03-25,0.025129770147231355
sbkp_Std_results_week_end_2020-03-22,United_States_of_America,si_2,2020-03-26,0.08899217444598562
sbkp_Std_results_week_end_2020-03-22,United_States_of_America,si_2,2020-03-27,1.10721280490544
sbkp_Std_results_week_end_2020-03-22,United_States_of_America,si_2,2020-03-28,15.744476323965541
sbkp_Std_results_week_end_2020-03-22,United_States_of_America,si_2,2020-03-29,27.363526296468944
